date,matchday,home_team,away_team,home_score_full_time,away_score_full_time,home_score_half_time,away_score_half_time,goal_diff,winner,defeat,ref
2023-08-19T16:30:00Z,1,Empoli,Verona,0,1,0,0,1,Verona,Empoli,Luca Massimi
2023-08-19T16:30:00Z,1,Frosinone,Napoli,1,3,1,2,2,Napoli,Frosinone,Matteo Marcenaro
2023-08-19T18:45:00Z,1,Genoa,Fiorentina,1,4,0,3,3,Fiorentina,Genoa,Giovanni Ayroldi
2023-08-19T18:45:00Z,1,Inter,Monza,2,0,1,0,2,Inter,Monza,Andrea Colombo
2023-08-20T16:30:00Z,1,Roma,Salernitana,2,2,1,1,0,DRAW,DRAW,Ermanno Feliciani
2023-08-20T16:30:00Z,1,Sassuolo,Atalanta,0,2,0,0,2,Atalanta,Sassuolo,Matteo Marchetti
2023-08-20T18:45:00Z,1,Lecce,Lazio,2,1,0,1,1,Lecce,Lazio,Federico Dionisi
2023-08-20T18:45:00Z,1,Udinese,Juventus,0,3,0,3,3,Juventus,Udinese,Antonio Rapuano
2023-08-21T16:30:00Z,1,Torino,Cagliari,0,0,0,0,0,DRAW,DRAW,Francesco Cosso
2023-08-21T18:45:00Z,1,Bologna,Milan,0,2,0,2,2,Milan,Bologna,Luca Pairetto
2023-08-26T16:30:00Z,2,Frosinone,Atalanta,2,1,2,0,1,Frosinone,Atalanta,Juan Luca Sacchi
2023-08-26T16:30:00Z,2,Monza,Empoli,2,0,1,0,2,Monza,Empoli,Gianluca Aureliano
2023-08-26T18:45:00Z,2,Verona,Roma,2,1,2,0,1,Verona,Roma,Daniele Doveri
2023-08-26T18:45:00Z,2,Milan,Torino,4,1,3,1,3,Milan,Torino,Maurizio Mariani
2023-08-27T16:30:00Z,2,Fiorentina,Lecce,2,2,2,0,0,DRAW,DRAW,Maria Caputi
2023-08-27T16:30:00Z,2,Juventus,Bologna,1,1,0,1,0,DRAW,DRAW,Marco Di Bello
2023-08-27T18:45:00Z,2,Lazio,Genoa,0,1,0,1,1,Genoa,Lazio,Livio Marinelli
2023-08-27T18:45:00Z,2,Napoli,Sassuolo,2,0,1,0,2,Napoli,Sassuolo,Antonio Giua
2023-08-28T16:30:00Z,2,Salernitana,Udinese,1,1,0,0,0,DRAW,DRAW,Davide Massa
2023-08-28T18:45:00Z,2,Cagliari,Inter,0,2,0,2,2,Inter,Cagliari,Michael Fabbri
2023-09-01T16:30:00Z,3,Sassuolo,Verona,3,1,1,0,2,Sassuolo,Verona,Marco Piccinini
2023-09-01T18:45:00Z,3,Roma,Milan,1,2,0,1,1,Milan,Roma,Antonio Rapuano
2023-09-02T16:30:00Z,3,Bologna,Cagliari,2,1,0,1,1,Bologna,Cagliari,Daniele Orsato
2023-09-02T16:30:00Z,3,Udinese,Frosinone,0,0,0,0,0,DRAW,DRAW,Marco Guida
2023-09-02T18:45:00Z,3,Atalanta,Monza,3,0,2,0,3,Atalanta,Monza,Matteo Marcenaro
2023-09-02T18:45:00Z,3,Napoli,Lazio,1,2,1,1,1,Lazio,Napoli,Andrea Colombo
2023-09-03T16:30:00Z,3,Inter,Fiorentina,4,0,1,0,4,Inter,Fiorentina,Matteo Marchetti
2023-09-03T16:30:00Z,3,Torino,Genoa,1,0,0,0,1,Torino,Genoa,Daniele Chiffi
2023-09-03T18:45:00Z,3,Empoli,Juventus,0,2,0,1,2,Juventus,Empoli,Giovanni Ayroldi
2023-09-03T18:45:00Z,3,Lecce,Salernitana,2,0,1,0,2,Lecce,Salernitana,Luca Massimi
2023-09-16T13:00:00Z,4,Juventus,Lazio,3,1,2,0,2,Juventus,Lazio,Fabio Maresca
2023-09-16T16:00:00Z,4,Inter,Milan,5,1,2,0,4,Inter,Milan,Simone Sozza
2023-09-16T18:45:00Z,4,Genoa,Napoli,2,2,1,0,0,DRAW,DRAW,Michael Fabbri
2023-09-17T10:30:00Z,4,Cagliari,Udinese,0,0,0,0,0,DRAW,DRAW,Daniele Doveri
2023-09-17T13:00:00Z,4,Frosinone,Sassuolo,4,2,1,2,2,Frosinone,Sassuolo,Alessandro Prontera
2023-09-17T13:00:00Z,4,Monza,Lecce,1,1,1,1,0,DRAW,DRAW,Livio Marinelli
2023-09-17T16:00:00Z,4,Fiorentina,Atalanta,3,2,2,1,1,Fiorentina,Atalanta,Luca Pairetto
2023-09-17T18:45:00Z,4,Roma,Empoli,7,0,3,0,7,Roma,Empoli,Juan Luca Sacchi
2023-09-18T16:30:00Z,4,Salernitana,Torino,0,3,0,2,3,Torino,Salernitana,Antonio Giua
2023-09-18T18:45:00Z,4,Verona,Bologna,0,0,0,0,0,DRAW,DRAW,Federico La Penna
2023-09-22T16:30:00Z,5,Salernitana,Frosinone,1,1,0,1,0,DRAW,DRAW,Marco Piccinini
2023-09-22T18:45:00Z,5,Lecce,Genoa,1,0,0,0,1,Lecce,Genoa,Antonio Rapuano
2023-09-23T13:00:00Z,5,Milan,Verona,1,0,1,0,1,Milan,Verona,Matteo Marchetti
2023-09-23T16:00:00Z,5,Sassuolo,Juventus,4,2,2,1,2,Sassuolo,Juventus,Andrea Colombo
2023-09-23T18:45:00Z,5,Lazio,Monza,1,1,1,1,0,DRAW,DRAW,Rosario Abisso
2023-09-24T10:30:00Z,5,Empoli,Inter,0,1,0,0,1,Inter,Empoli,Matteo Marcenaro
2023-09-24T13:00:00Z,5,Atalanta,Cagliari,2,0,1,0,2,Atalanta,Cagliari,Ermanno Feliciani
2023-09-24T13:00:00Z,5,Udinese,Fiorentina,0,2,0,1,2,Fiorentina,Udinese,Daniele Chiffi
2023-09-24T16:00:00Z,5,Bologna,Napoli,0,0,0,0,0,DRAW,DRAW,Giovanni Ayroldi
2023-09-24T18:45:00Z,5,Torino,Roma,1,1,0,0,0,DRAW,DRAW,Marco Guida
2023-09-26T18:45:00Z,6,Juventus,Lecce,1,0,0,0,1,Juventus,Lecce,Antonio Giua
2023-09-27T16:30:00Z,6,Cagliari,Milan,1,3,1,2,2,Milan,Cagliari,Federico La Penna
2023-09-27T16:30:00Z,6,Empoli,Salernitana,1,0,1,0,1,Empoli,Salernitana,Antonio Rapuano
2023-09-27T16:30:00Z,6,Verona,Atalanta,0,1,0,1,1,Atalanta,Verona,Federico Dionisi
2023-09-27T18:45:00Z,6,Inter,Sassuolo,1,2,1,0,1,Sassuolo,Inter,Luca Massimi
2023-09-27T18:45:00Z,6,Lazio,Torino,2,0,0,0,2,Lazio,Torino,Michael Fabbri
2023-09-27T18:45:00Z,6,Napoli,Udinese,4,1,2,0,3,Napoli,Udinese,Gianluca Manganiello
2023-09-28T16:30:00Z,6,Frosinone,Fiorentina,1,1,0,1,0,DRAW,DRAW,Francesco Fourneau
2023-09-28T16:30:00Z,6,Monza,Bologna,0,0,0,0,0,DRAW,DRAW,Ivano Pezzuto
2023-09-28T18:45:00Z,6,Genoa,Roma,4,1,2,1,3,Genoa,Roma,Daniele Orsato
2023-09-30T13:00:00Z,7,Lecce,Napoli,0,4,0,1,4,Napoli,Lecce,Luca Pairetto
2023-09-30T16:00:00Z,7,Milan,Lazio,2,0,0,0,2,Milan,Lazio,Davide Massa
2023-09-30T18:45:00Z,7,Salernitana,Inter,0,4,0,0,4,Inter,Salernitana,Rosario Abisso
2023-10-01T10:30:00Z,7,Bologna,Empoli,3,0,1,0,3,Bologna,Empoli,Fabio Maresca
2023-10-01T13:00:00Z,7,Udinese,Genoa,2,2,1,2,0,DRAW,DRAW,Maurizio Mariani
2023-10-01T16:00:00Z,7,Atalanta,Juventus,0,0,0,0,0,DRAW,DRAW,Daniele Chiffi
2023-10-01T18:45:00Z,7,Roma,Frosinone,2,0,1,0,2,Roma,Frosinone,Matteo Marchetti
2023-10-02T16:30:00Z,7,Sassuolo,Monza,0,1,0,0,1,Monza,Sassuolo,Luca Zufferli
2023-10-02T16:30:00Z,7,Torino,Verona,0,0,0,0,0,DRAW,DRAW,Ermanno Feliciani
2023-10-02T18:45:00Z,7,Fiorentina,Cagliari,3,0,2,0,3,Fiorentina,Cagliari,Marco Di Bello
2023-10-06T16:30:00Z,8,Empoli,Udinese,0,0,0,0,0,DRAW,DRAW,Michael Fabbri
2023-10-06T18:45:00Z,8,Lecce,Sassuolo,1,1,0,1,0,DRAW,DRAW,Juan Luca Sacchi
2023-10-07T13:00:00Z,8,Inter,Bologna,2,2,2,1,0,DRAW,DRAW,Marco Guida
2023-10-07T16:00:00Z,8,Juventus,Torino,2,0,0,0,2,Juventus,Torino,Antonio Rapuano
2023-10-07T18:45:00Z,8,Genoa,Milan,0,1,0,0,1,Milan,Genoa,Marco Piccinini
2023-10-08T10:30:00Z,8,Monza,Salernitana,3,0,2,0,3,Monza,Salernitana,Luca Massimi
2023-10-08T13:00:00Z,8,Frosinone,Verona,2,1,1,0,1,Frosinone,Verona,Maria Caputi
2023-10-08T13:00:00Z,8,Lazio,Atalanta,3,2,2,1,1,Lazio,Atalanta,Daniele Orsato
2023-10-08T16:00:00Z,8,Cagliari,Roma,1,4,0,2,3,Roma,Cagliari,Simone Sozza
2023-10-08T18:45:00Z,8,Napoli,Fiorentina,1,3,1,1,2,Fiorentina,Napoli,Federico La Penna
2023-10-21T13:00:00Z,9,Verona,Napoli,1,3,0,2,2,Napoli,Verona,Rosario Abisso
2023-10-21T16:00:00Z,9,Torino,Inter,0,3,0,0,3,Inter,Torino,Matteo Marchetti
2023-10-21T18:45:00Z,9,Sassuolo,Lazio,0,2,0,2,2,Lazio,Sassuolo,Marco Di Bello
2023-10-22T10:30:00Z,9,Roma,Monza,1,0,0,0,1,Roma,Monza,Giovanni Ayroldi
2023-10-22T13:00:00Z,9,Bologna,Frosinone,2,1,2,0,1,Bologna,Frosinone,Daniele Doveri
2023-10-22T13:00:00Z,9,Salernitana,Cagliari,2,2,0,0,0,DRAW,DRAW,Daniele Chiffi
2023-10-22T16:00:00Z,9,Atalanta,Genoa,2,0,0,0,2,Atalanta,Genoa,Livio Marinelli
2023-10-22T18:45:00Z,9,Milan,Juventus,0,1,0,0,1,Juventus,Milan,Maurizio Mariani
2023-10-23T16:30:00Z,9,Udinese,Lecce,1,1,0,0,0,DRAW,DRAW,Paride Tremolada
2023-10-23T18:45:00Z,9,Fiorentina,Empoli,0,2,0,1,2,Empoli,Fiorentina,Federico Dionisi
2023-10-27T18:45:00Z,10,Genoa,Salernitana,1,0,1,0,1,Genoa,Salernitana,Davide Massa
2023-10-28T13:00:00Z,10,Sassuolo,Bologna,1,1,1,1,0,DRAW,DRAW,Antonio Giua
2023-10-28T16:00:00Z,10,Lecce,Torino,0,1,0,1,1,Torino,Lecce,Gianluca Aureliano
2023-10-28T18:45:00Z,10,Juventus,Verona,1,0,0,0,1,Juventus,Verona,Ermanno Feliciani
2023-10-29T11:30:00Z,10,Cagliari,Frosinone,4,3,0,2,1,Cagliari,Frosinone,Luca Pairetto
2023-10-29T14:00:00Z,10,Monza,Udinese,1,1,1,0,0,DRAW,DRAW,Alessandro Prontera
2023-10-29T17:00:00Z,10,Inter,Roma,1,0,0,0,1,Inter,Roma,Fabio Maresca
2023-10-29T19:45:00Z,10,Napoli,Milan,2,2,0,2,0,DRAW,DRAW,Daniele Orsato
2023-10-30T17:30:00Z,10,Empoli,Atalanta,0,3,0,2,3,Atalanta,Empoli,Luca Massimi
2023-10-30T19:45:00Z,10,Lazio,Fiorentina,1,0,0,0,1,Lazio,Fiorentina,Matteo Marcenaro
2023-11-03T19:45:00Z,11,Bologna,Lazio,1,0,0,0,1,Bologna,Lazio,Federico La Penna
2023-11-04T14:00:00Z,11,Salernitana,Napoli,0,2,0,1,2,Napoli,Salernitana,Antonio Rapuano
2023-11-04T17:00:00Z,11,Atalanta,Inter,1,2,0,1,1,Inter,Atalanta,Simone Sozza
2023-11-04T19:45:00Z,11,Milan,Udinese,0,1,0,0,1,Udinese,Milan,Juan Luca Sacchi
2023-11-05T11:30:00Z,11,Verona,Monza,1,3,0,1,2,Monza,Verona,Giuseppe Collu
2023-11-05T14:00:00Z,11,Cagliari,Genoa,2,1,0,0,1,Cagliari,Genoa,Marco Guida
2023-11-05T17:00:00Z,11,Roma,Lecce,2,1,0,0,1,Roma,Lecce,Andrea Colombo
2023-11-05T19:45:00Z,11,Fiorentina,Juventus,0,1,0,1,1,Juventus,Fiorentina,Daniele Chiffi
2023-11-06T17:30:00Z,11,Frosinone,Empoli,2,1,0,0,1,Frosinone,Empoli,Gianluca Manganiello
2023-11-06T19:45:00Z,11,Torino,Sassuolo,2,1,1,1,1,Torino,Sassuolo,Maria Caputi
2023-11-10T17:30:00Z,12,Sassuolo,Salernitana,2,2,1,2,0,DRAW,DRAW,Davide Ghersini
2023-11-10T19:45:00Z,12,Genoa,Verona,1,0,1,0,1,Genoa,Verona,Daniele Orsato
2023-11-11T14:00:00Z,12,Lecce,Milan,2,2,0,2,0,DRAW,DRAW,Rosario Abisso
2023-11-11T17:00:00Z,12,Juventus,Cagliari,2,1,0,0,1,Juventus,Cagliari,Marco Piccinini
2023-11-11T19:45:00Z,12,Monza,Torino,1,1,0,0,0,DRAW,DRAW,Daniele Doveri
2023-11-12T11:30:00Z,12,Napoli,Empoli,0,1,0,0,1,Empoli,Napoli,Alessandro Prontera
2023-11-12T14:00:00Z,12,Fiorentina,Bologna,2,1,1,1,1,Fiorentina,Bologna,Fabio Maresca
2023-11-12T14:00:00Z,12,Udinese,Atalanta,1,1,1,0,0,DRAW,DRAW,Gianluca Aureliano
2023-11-12T17:00:00Z,12,Lazio,Roma,0,0,0,0,0,DRAW,DRAW,Davide Massa
2023-11-12T19:45:00Z,12,Inter,Frosinone,2,0,1,0,2,Inter,Frosinone,Federico Dionisi
2023-11-25T14:00:00Z,13,Salernitana,Lazio,2,1,0,1,1,Salernitana,Lazio,Alessandro Prontera
2023-11-25T17:00:00Z,13,Atalanta,Napoli,1,2,0,1,1,Napoli,Atalanta,Maurizio Mariani
2023-11-25T19:45:00Z,13,Milan,Fiorentina,1,0,1,0,1,Milan,Fiorentina,Marco Di Bello
2023-11-26T11:30:00Z,13,Cagliari,Monza,1,1,1,0,0,DRAW,DRAW,Matteo Marchetti
2023-11-26T14:00:00Z,13,Empoli,Sassuolo,3,4,2,2,1,Sassuolo,Empoli,Simone Sozza
2023-11-26T14:00:00Z,13,Frosinone,Genoa,2,1,1,1,1,Frosinone,Genoa,Luca Zufferli
2023-11-26T17:00:00Z,13,Roma,Udinese,3,1,1,0,2,Roma,Udinese,Luca Massimi
2023-11-26T19:45:00Z,13,Juventus,Inter,1,1,1,1,0,DRAW,DRAW,Marco Guida
2023-11-27T17:30:00Z,13,Verona,Lecce,2,2,1,1,0,DRAW,DRAW,Federico La Penna
2023-11-27T19:45:00Z,13,Bologna,Torino,2,0,0,0,2,Bologna,Torino,Andrea Colombo
2023-12-01T19:45:00Z,14,Monza,Juventus,1,2,0,1,1,Juventus,Monza,Michael Fabbri
2023-12-02T14:00:00Z,14,Genoa,Empoli,1,1,1,0,0,DRAW,DRAW,Gianluca Aureliano
2023-12-02T17:00:00Z,14,Lazio,Cagliari,1,0,1,0,1,Lazio,Cagliari,Federico Dionisi
2023-12-02T19:45:00Z,14,Milan,Frosinone,3,1,1,0,2,Milan,Frosinone,Matteo Marchetti
2023-12-03T11:30:00Z,14,Lecce,Bologna,1,1,0,0,0,DRAW,DRAW,Daniele Doveri
2023-12-03T14:00:00Z,14,Fiorentina,Salernitana,3,0,2,0,3,Fiorentina,Salernitana,Paride Tremolada
2023-12-03T14:00:00Z,14,Udinese,Verona,3,3,2,1,0,DRAW,DRAW,Fabio Maresca
2023-12-03T17:00:00Z,14,Sassuolo,Roma,1,2,1,0,1,Roma,Sassuolo,Matteo Marcenaro
2023-12-03T19:45:00Z,14,Napoli,Inter,0,3,0,1,3,Inter,Napoli,Davide Massa
2023-12-04T19:45:00Z,14,Torino,Atalanta,3,0,1,0,3,Torino,Atalanta,Marco Piccinini
2023-12-08T19:45:00Z,15,Juventus,Napoli,1,0,0,0,1,Juventus,Napoli,Daniele Orsato
2023-12-09T14:00:00Z,15,Verona,Lazio,1,1,0,1,0,DRAW,DRAW,Giovanni Ayroldi
2023-12-09T17:00:00Z,15,Atalanta,Milan,3,2,1,1,1,Atalanta,Milan,Federico La Penna
2023-12-09T19:45:00Z,15,Inter,Udinese,4,0,3,0,4,Inter,Udinese,Marco Di Bello
2023-12-10T11:30:00Z,15,Frosinone,Torino,0,0,0,0,0,DRAW,DRAW,Luca Massimi
2023-12-10T14:00:00Z,15,Monza,Genoa,1,0,0,0,1,Monza,Genoa,Giuseppe Collu
2023-12-10T17:00:00Z,15,Salernitana,Bologna,1,2,0,2,1,Bologna,Salernitana,Simone Sozza
2023-12-10T19:45:00Z,15,Roma,Fiorentina,1,1,1,0,0,DRAW,DRAW,Antonio Rapuano
2023-12-11T17:30:00Z,15,Empoli,Lecce,1,1,0,0,0,DRAW,DRAW,Andrea Colombo
2023-12-11T19:45:00Z,15,Cagliari,Sassuolo,2,1,0,1,1,Cagliari,Sassuolo,Maurizio Mariani
2023-12-15T19:45:00Z,16,Genoa,Juventus,1,1,0,1,0,DRAW,DRAW,Davide Massa
2023-12-16T14:00:00Z,16,Lecce,Frosinone,2,1,1,1,1,Lecce,Frosinone,Luca Zufferli
2023-12-16T17:30:00Z,16,Napoli,Cagliari,2,1,0,0,1,Napoli,Cagliari,Matteo Marcenaro
2023-12-16T19:45:00Z,16,Torino,Empoli,1,0,1,0,1,Torino,Empoli,Livio Marinelli
2023-12-17T11:30:00Z,16,Milan,Monza,3,0,2,0,3,Milan,Monza,Gianluca Aureliano
2023-12-17T14:00:00Z,16,Fiorentina,Verona,1,0,0,0,1,Fiorentina,Verona,Maria Caputi
2023-12-17T14:00:00Z,16,Udinese,Sassuolo,2,2,1,0,0,DRAW,DRAW,Gianluca Manganiello
2023-12-17T17:00:00Z,16,Bologna,Roma,2,0,1,0,2,Bologna,Roma,Marco Guida
2023-12-17T19:45:00Z,16,Lazio,Inter,0,2,0,1,2,Inter,Lazio,Fabio Maresca
2023-12-18T19:45:00Z,16,Atalanta,Salernitana,4,1,0,1,3,Atalanta,Salernitana,Ermanno Feliciani
2023-12-22T17:30:00Z,17,Sassuolo,Genoa,1,2,1,0,1,Genoa,Sassuolo,Marco Guida
2023-12-22T17:30:00Z,17,Empoli,Lazio,0,2,0,1,2,Lazio,Empoli,Matteo Marchetti
2023-12-22T19:45:00Z,17,Monza,Fiorentina,0,1,0,1,1,Fiorentina,Monza,Juan Luca Sacchi
2023-12-22T19:45:00Z,17,Salernitana,Milan,2,2,1,1,0,DRAW,DRAW,Daniele Doveri
2023-12-23T11:30:00Z,17,Frosinone,Juventus,1,2,0,1,1,Juventus,Frosinone,Maurizio Mariani
2023-12-23T14:00:00Z,17,Torino,Udinese,1,1,0,0,0,DRAW,DRAW,Michael Fabbri
2023-12-23T14:00:00Z,17,Bologna,Atalanta,1,0,0,0,1,Bologna,Atalanta,Antonio Rapuano
2023-12-23T17:00:00Z,17,Verona,Cagliari,2,0,0,0,2,Verona,Cagliari,Daniele Orsato
2023-12-23T17:00:00Z,17,Inter,Lecce,2,0,1,0,2,Inter,Lecce,Matteo Marcenaro
2023-12-23T19:45:00Z,17,Roma,Napoli,2,0,0,0,2,Roma,Napoli,Andrea Colombo
2023-12-29T17:30:00Z,18,Fiorentina,Torino,1,0,0,0,1,Fiorentina,Torino,Federico La Penna
2023-12-29T17:30:00Z,18,Napoli,Monza,0,0,0,0,0,DRAW,DRAW,Marco Di Bello
2023-12-29T19:45:00Z,18,Genoa,Inter,1,1,1,1,0,DRAW,DRAW,Daniele Doveri
2023-12-29T19:45:00Z,18,Lazio,Frosinone,3,1,0,0,2,Lazio,Frosinone,Ermanno Feliciani
2023-12-30T11:30:00Z,18,Atalanta,Lecce,1,0,0,0,1,Atalanta,Lecce,Gianluca Manganiello
2023-12-30T14:00:00Z,18,Cagliari,Empoli,0,0,0,0,0,DRAW,DRAW,Fabio Maresca
2023-12-30T14:00:00Z,18,Udinese,Bologna,3,0,1,0,3,Udinese,Bologna,Daniele Orsato
2023-12-30T17:00:00Z,18,Verona,Salernitana,0,1,0,0,1,Salernitana,Verona,Maurizio Mariani
2023-12-30T17:00:00Z,18,Milan,Sassuolo,1,0,0,0,1,Milan,Sassuolo,Livio Marinelli
2023-12-30T19:45:00Z,18,Juventus,Roma,1,0,0,0,1,Juventus,Roma,Simone Sozza
2024-01-05T19:45:00Z,19,Bologna,Genoa,1,1,0,1,0,DRAW,DRAW,Andrea Colombo
2024-01-06T11:30:00Z,19,Inter,Verona,2,1,1,0,1,Inter,Verona,Marco Piccinini
2024-01-06T14:00:00Z,19,Frosinone,Monza,2,3,0,2,1,Monza,Frosinone,Maria Caputi
2024-01-06T17:00:00Z,19,Lecce,Cagliari,1,1,1,0,0,DRAW,DRAW,Davide Massa
2024-01-06T19:45:00Z,19,Sassuolo,Fiorentina,1,0,1,0,1,Sassuolo,Fiorentina,Rosario Abisso
2024-01-07T11:30:00Z,19,Empoli,Milan,0,3,0,2,3,Milan,Empoli,Federico La Penna
2024-01-07T14:00:00Z,19,Torino,Napoli,3,0,1,0,3,Torino,Napoli,Maurizio Mariani
2024-01-07T14:00:00Z,19,Udinese,Lazio,1,2,0,1,1,Lazio,Udinese,Juan Luca Sacchi
2024-01-07T17:00:00Z,19,Salernitana,Juventus,1,2,1,0,1,Juventus,Salernitana,Marco Guida
2024-01-07T19:45:00Z,19,Roma,Atalanta,1,1,1,1,0,DRAW,DRAW,Gianluca Aureliano
2024-01-13T14:00:00Z,20,Genoa,Torino,0,0,0,0,0,DRAW,DRAW,Antonio Giua
2024-01-13T14:00:00Z,20,Napoli,Salernitana,2,1,1,1,1,Napoli,Salernitana,Livio Marinelli
2024-01-13T17:00:00Z,20,Verona,Empoli,2,1,1,0,1,Verona,Empoli,Daniele Doveri
2024-01-13T19:45:00Z,20,Monza,Inter,1,5,0,2,4,Inter,Monza,Antonio Rapuano
2024-01-14T11:30:00Z,20,Lazio,Lecce,1,0,0,0,1,Lazio,Lecce,Maria Caputi
2024-01-14T14:00:00Z,20,Cagliari,Bologna,2,1,1,1,1,Cagliari,Bologna,Gianluca Manganiello
2024-01-14T17:00:00Z,20,Fiorentina,Udinese,2,2,0,1,0,DRAW,DRAW,Luca Pairetto
2024-01-14T19:45:00Z,20,Milan,Roma,3,1,1,0,2,Milan,Roma,Marco Guida
2024-01-15T19:45:00Z,20,Atalanta,Frosinone,5,0,3,0,5,Atalanta,Frosinone,Alessandro Prontera
2024-01-16T19:45:00Z,20,Juventus,Sassuolo,3,0,2,0,3,Juventus,Sassuolo,Marco Piccinini
2024-01-20T17:00:00Z,21,Roma,Verona,2,1,2,0,1,Roma,Verona,Juan Luca Sacchi
2024-01-20T19:45:00Z,21,Udinese,Milan,2,3,1,1,1,Milan,Udinese,Fabio Maresca
2024-01-21T11:30:00Z,21,Frosinone,Cagliari,3,1,0,1,2,Frosinone,Cagliari,Federico Dionisi
2024-01-21T14:00:00Z,21,Empoli,Monza,3,0,2,0,3,Empoli,Monza,Antonio Giua
2024-01-21T17:00:00Z,21,Salernitana,Genoa,1,2,1,1,1,Genoa,Salernitana,Daniele Orsato
2024-01-21T19:45:00Z,21,Lecce,Juventus,0,3,0,0,3,Juventus,Lecce,Daniele Doveri
2024-01-26T19:45:00Z,22,Cagliari,Torino,1,2,0,2,1,Torino,Cagliari,Andrea Colombo
2024-01-27T14:00:00Z,22,Atalanta,Udinese,2,0,2,0,2,Atalanta,Udinese,Marco Piccinini
2024-01-27T17:00:00Z,22,Juventus,Empoli,1,1,0,0,0,DRAW,DRAW,Livio Marinelli
2024-01-27T19:45:00Z,22,Milan,Bologna,2,2,1,1,0,DRAW,DRAW,Davide Massa
2024-01-28T11:30:00Z,22,Genoa,Lecce,2,1,0,1,1,Genoa,Lecce,Luca Pairetto
2024-01-28T14:00:00Z,22,Verona,Frosinone,1,1,1,0,0,DRAW,DRAW,Federico La Penna
2024-01-28T14:00:00Z,22,Monza,Sassuolo,1,0,1,0,1,Monza,Sassuolo,Gianluca Manganiello
2024-01-28T17:00:00Z,22,Lazio,Napoli,0,0,0,0,0,DRAW,DRAW,Daniele Orsato
2024-01-28T19:45:00Z,22,Fiorentina,Inter,0,1,0,1,1,Inter,Fiorentina,Gianluca Aureliano
2024-01-29T19:45:00Z,22,Salernitana,Roma,1,2,0,0,1,Roma,Salernitana,Marco Di Bello
2024-02-02T19:45:00Z,23,Lecce,Fiorentina,3,2,1,0,1,Lecce,Fiorentina,Antonio Giua
2024-02-03T14:00:00Z,23,Empoli,Genoa,0,0,0,0,0,DRAW,DRAW,Ermanno Feliciani
2024-02-03T14:00:00Z,23,Udinese,Monza,0,0,0,0,0,DRAW,DRAW,Alessandro Prontera
2024-02-03T17:00:00Z,23,Frosinone,Milan,2,3,1,1,1,Milan,Frosinone,Luca Pairetto
2024-02-03T19:45:00Z,23,Bologna,Sassuolo,4,2,1,2,2,Bologna,Sassuolo,Juan Luca Sacchi
2024-02-04T11:30:00Z,23,Torino,Salernitana,0,0,0,0,0,DRAW,DRAW,Daniele Chiffi
2024-02-04T14:00:00Z,23,Napoli,Verona,2,1,0,0,1,Napoli,Verona,Marco Piccinini
2024-02-04T17:00:00Z,23,Atalanta,Lazio,3,1,2,0,2,Atalanta,Lazio,Marco Guida
2024-02-04T19:45:00Z,23,Inter,Juventus,1,0,1,0,1,Inter,Juventus,Fabio Maresca
2024-02-05T19:45:00Z,23,Roma,Cagliari,4,0,2,0,4,Roma,Cagliari,Matteo Marcenaro
2024-02-09T19:45:00Z,24,Salernitana,Empoli,1,3,0,1,2,Empoli,Salernitana,Maurizio Mariani
2024-02-10T14:00:00Z,24,Cagliari,Lazio,1,3,0,1,2,Lazio,Cagliari,Marco Di Bello
2024-02-10T17:00:00Z,24,Roma,Inter,2,4,2,1,2,Inter,Roma,Marco Guida
2024-02-10T19:45:00Z,24,Sassuolo,Torino,1,1,1,1,0,DRAW,DRAW,Federico La Penna
2024-02-11T11:30:00Z,24,Fiorentina,Frosinone,5,1,3,0,4,Fiorentina,Frosinone,Ermanno Feliciani
2024-02-11T14:00:00Z,24,Bologna,Lecce,4,0,2,0,4,Bologna,Lecce,Gianluca Manganiello
2024-02-11T14:00:00Z,24,Monza,Verona,0,0,0,0,0,DRAW,DRAW,Davide Massa
2024-02-11T17:00:00Z,24,Genoa,Atalanta,1,4,0,1,3,Atalanta,Genoa,Andrea Colombo
2024-02-11T19:45:00Z,24,Milan,Napoli,1,0,1,0,1,Milan,Napoli,Daniele Doveri
2024-02-12T19:45:00Z,24,Juventus,Udinese,0,1,0,1,1,Udinese,Juventus,Rosario Abisso
2024-02-14T18:00:00Z,21,Bologna,Fiorentina,2,0,1,0,2,Bologna,Fiorentina,Daniele Chiffi
2024-02-16T18:00:00Z,25,Torino,Lecce,2,0,0,0,2,Torino,Lecce,Giovanni Ayroldi
2024-02-16T20:00:00Z,25,Inter,Salernitana,4,0,3,0,4,Inter,Salernitana,Marco Piccinini
2024-02-17T14:00:00Z,25,Napoli,Genoa,1,1,0,0,0,DRAW,DRAW,Juan Luca Sacchi
2024-02-17T17:00:00Z,25,Verona,Juventus,2,2,1,1,0,DRAW,DRAW,Marco Di Bello
2024-02-17T19:45:00Z,25,Atalanta,Sassuolo,3,0,1,0,3,Atalanta,Sassuolo,Alessandro Prontera
2024-02-18T11:30:00Z,25,Lazio,Bologna,1,2,1,1,1,Bologna,Lazio,Fabio Maresca
2024-02-18T14:00:00Z,25,Empoli,Fiorentina,1,1,0,1,0,DRAW,DRAW,Luca Pairetto
2024-02-18T14:00:00Z,25,Udinese,Cagliari,1,1,1,1,0,DRAW,DRAW,Maurizio Mariani
2024-02-18T17:00:00Z,25,Frosinone,Roma,0,3,0,1,3,Roma,Frosinone,Antonio Giua
2024-02-18T19:45:00Z,25,Monza,Milan,4,2,2,0,2,Monza,Milan,Andrea Colombo
2024-02-22T19:45:00Z,21,Torino,Lazio,0,2,0,0,2,Lazio,Torino,Federico La Penna
2024-02-23T19:45:00Z,26,Bologna,Verona,2,0,1,0,2,Bologna,Verona,Rosario Abisso
2024-02-24T14:00:00Z,26,Sassuolo,Empoli,2,3,0,1,1,Empoli,Sassuolo,Gianluca Aureliano
2024-02-24T17:00:00Z,26,Salernitana,Monza,0,2,0,0,2,Monza,Salernitana,Michael Fabbri
2024-02-24T19:45:00Z,26,Genoa,Udinese,2,0,2,0,2,Genoa,Udinese,Francesco Fourneau
2024-02-25T11:30:00Z,26,Juventus,Frosinone,3,2,2,2,1,Juventus,Frosinone,Antonio Rapuano
2024-02-25T14:00:00Z,26,Cagliari,Napoli,1,1,0,0,0,DRAW,DRAW,Luca Pairetto
2024-02-25T17:00:00Z,26,Lecce,Inter,0,4,0,1,4,Inter,Lecce,Daniele Doveri
2024-02-25T19:45:00Z,26,Milan,Atalanta,1,1,1,1,0,DRAW,DRAW,Daniele Orsato
2024-02-26T17:30:00Z,26,Roma,Torino,3,2,1,1,1,Roma,Torino,Juan Luca Sacchi
2024-02-26T19:45:00Z,26,Fiorentina,Lazio,2,1,0,1,1,Fiorentina,Lazio,Marco Guida
2024-02-28T17:00:00Z,21,Sassuolo,Napoli,1,6,1,3,5,Napoli,Sassuolo,Daniele Chiffi
2024-02-28T19:45:00Z,21,Inter,Atalanta,4,0,2,0,4,Inter,Atalanta,Andrea Colombo
2024-03-01T19:45:00Z,27,Lazio,Milan,0,1,0,0,1,Milan,Lazio,Marco Di Bello
2024-03-02T14:00:00Z,27,Udinese,Salernitana,1,1,1,1,0,DRAW,DRAW,Gianluca Manganiello
2024-03-02T17:00:00Z,27,Monza,Roma,1,4,0,2,3,Roma,Monza,Marco Piccinini
2024-03-02T19:45:00Z,27,Torino,Fiorentina,0,0,0,0,0,DRAW,DRAW,Matteo Marchetti
2024-03-03T11:30:00Z,27,Verona,Sassuolo,1,0,0,0,1,Verona,Sassuolo,Fabio Maresca
2024-03-03T14:00:00Z,27,Empoli,Cagliari,0,1,0,0,1,Cagliari,Empoli,Antonio Rapuano
2024-03-03T14:00:00Z,27,Frosinone,Lecce,1,1,1,0,0,DRAW,DRAW,Marco Guida
2024-03-03T17:00:00Z,27,Atalanta,Bologna,1,2,1,0,1,Bologna,Atalanta,Federico La Penna
2024-03-03T19:45:00Z,27,Napoli,Juventus,2,1,1,0,1,Napoli,Juventus,Maurizio Mariani
2024-03-04T19:45:00Z,27,Inter,Genoa,2,1,2,0,1,Inter,Genoa,Giovanni Ayroldi
2024-03-08T19:45:00Z,28,Napoli,Torino,1,1,0,0,0,DRAW,DRAW,Daniele Orsato
2024-03-09T14:00:00Z,28,Cagliari,Salernitana,4,2,2,0,2,Cagliari,Salernitana,Francesco Fourneau
2024-03-09T14:00:00Z,28,Sassuolo,Frosinone,1,0,0,0,1,Sassuolo,Frosinone,Federico La Penna
2024-03-09T17:00:00Z,28,Bologna,Inter,0,1,0,1,1,Inter,Bologna,Luca Pairetto
2024-03-09T19:45:00Z,28,Genoa,Monza,2,3,0,2,1,Monza,Genoa,Ermanno Feliciani
2024-03-10T11:30:00Z,28,Lecce,Verona,0,1,0,1,1,Verona,Lecce,Daniele Chiffi
2024-03-10T14:00:00Z,28,Milan,Empoli,1,0,1,0,1,Milan,Empoli,Juan Luca Sacchi
2024-03-10T17:00:00Z,28,Juventus,Atalanta,2,2,0,1,0,DRAW,DRAW,Marco Guida
2024-03-10T19:45:00Z,28,Fiorentina,Roma,2,2,1,0,0,DRAW,DRAW,Davide Massa
2024-03-11T19:45:00Z,28,Lazio,Udinese,1,2,0,0,1,Udinese,Lazio,Gianluca Aureliano
2024-03-15T19:45:00Z,29,Empoli,Bologna,0,1,0,0,1,Bologna,Empoli,Michael Fabbri
2024-03-16T14:00:00Z,29,Monza,Cagliari,1,0,1,0,1,Monza,Cagliari,Matteo Marcenaro
2024-03-16T14:00:00Z,29,Udinese,Torino,0,2,0,1,2,Torino,Udinese,Andrea Colombo
2024-03-16T17:00:00Z,29,Salernitana,Lecce,0,1,0,1,1,Lecce,Salernitana,Fabio Maresca
2024-03-16T19:45:00Z,29,Frosinone,Lazio,2,3,1,1,1,Lazio,Frosinone,Antonio Rapuano
2024-03-17T11:30:00Z,29,Juventus,Genoa,0,0,0,0,0,DRAW,DRAW,Antonio Giua
2024-03-17T14:00:00Z,29,Verona,Milan,1,3,0,1,2,Milan,Verona,Maurizio Mariani
2024-03-17T17:00:00Z,29,Roma,Sassuolo,1,0,0,0,1,Roma,Sassuolo,Gianluca Manganiello
2024-03-17T19:45:00Z,29,Inter,Napoli,1,1,1,0,0,DRAW,DRAW,Federico La Penna
2024-03-30T11:30:00Z,30,Napoli,Atalanta,0,3,0,2,3,Atalanta,Napoli,Luca Pairetto
2024-03-30T14:00:00Z,30,Genoa,Frosinone,1,1,1,1,0,DRAW,DRAW,Juan Luca Sacchi
2024-03-30T14:00:00Z,30,Torino,Monza,1,0,0,0,1,Torino,Monza,Gianluca Aureliano
2024-03-30T17:00:00Z,30,Lazio,Juventus,1,0,0,0,1,Lazio,Juventus,Andrea Colombo
2024-03-30T19:45:00Z,30,Fiorentina,Milan,1,2,0,0,1,Milan,Fiorentina,Fabio Maresca
2024-04-01T10:30:00Z,30,Bologna,Salernitana,3,0,2,0,3,Bologna,Salernitana,Ermanno Feliciani
2024-04-01T13:00:00Z,30,Cagliari,Verona,1,1,0,1,0,DRAW,DRAW,Daniele Doveri
2024-04-01T13:00:00Z,30,Sassuolo,Udinese,1,1,1,1,0,DRAW,DRAW,Michael Fabbri
2024-04-01T16:00:00Z,30,Lecce,Roma,0,0,0,0,0,DRAW,DRAW,Matteo Marcenaro
2024-04-01T18:45:00Z,30,Inter,Empoli,2,0,1,0,2,Inter,Empoli,Federico Dionisi
2024-04-05T18:45:00Z,31,Salernitana,Sassuolo,2,2,0,2,0,DRAW,DRAW,Simone Sozza
2024-04-06T13:00:00Z,31,Milan,Lecce,3,0,2,0,3,Milan,Lecce,Luca Massimi
2024-04-06T16:00:00Z,31,Roma,Lazio,1,0,1,0,1,Roma,Lazio,Marco Guida
2024-04-06T18:45:00Z,31,Empoli,Torino,3,2,1,0,1,Empoli,Torino,Davide Massa
2024-04-07T10:30:00Z,31,Frosinone,Bologna,0,0,0,0,0,DRAW,DRAW,Daniele Orsato
2024-04-07T13:00:00Z,31,Monza,Napoli,2,4,1,0,2,Napoli,Monza,Daniele Doveri
2024-04-07T16:00:00Z,31,Cagliari,Atalanta,2,1,1,1,1,Cagliari,Atalanta,Antonio Rapuano
2024-04-07T16:00:00Z,31,Verona,Genoa,1,2,1,1,1,Genoa,Verona,Gianluca Manganiello
2024-04-07T18:45:00Z,31,Juventus,Fiorentina,1,0,1,0,1,Juventus,Fiorentina,Federico La Penna
2024-04-08T18:45:00Z,31,Udinese,Inter,1,2,1,0,1,Inter,Udinese,Marco Piccinini
2024-04-12T18:45:00Z,32,Lazio,Salernitana,4,1,3,1,3,Lazio,Salernitana,Luca Zufferli
2024-04-13T13:00:00Z,32,Lecce,Empoli,1,0,0,0,1,Lecce,Empoli,Maurizio Mariani
2024-04-13T16:00:00Z,32,Torino,Juventus,0,0,0,0,0,DRAW,DRAW,Fabio Maresca
2024-04-13T18:45:00Z,32,Bologna,Monza,0,0,0,0,0,DRAW,DRAW,Federico La Penna
2024-04-14T10:30:00Z,32,Napoli,Frosinone,2,2,1,0,0,DRAW,DRAW,Michael Fabbri
2024-04-14T13:00:00Z,32,Sassuolo,Milan,3,3,2,1,0,DRAW,DRAW,Davide Massa
2024-04-14T18:45:00Z,32,Inter,Cagliari,2,2,1,0,0,DRAW,DRAW,Francesco Fourneau
2024-04-15T16:30:00Z,32,Fiorentina,Genoa,1,1,0,1,0,DRAW,DRAW,Davide Di Marco
2024-04-15T18:45:00Z,32,Atalanta,Verona,2,2,2,0,0,DRAW,DRAW,Juan Luca Sacchi
2024-04-19T16:30:00Z,33,Genoa,Lazio,0,1,0,0,1,Lazio,Genoa,Ermanno Feliciani
2024-04-19T18:45:00Z,33,Cagliari,Juventus,2,2,2,0,0,DRAW,DRAW,Marco Piccinini
2024-04-20T16:00:00Z,33,Empoli,Napoli,1,0,1,0,1,Empoli,Napoli,Gianluca Manganiello
2024-04-20T18:45:00Z,33,Verona,Udinese,1,0,0,0,1,Verona,Udinese,Marco Guida
2024-04-21T10:30:00Z,33,Sassuolo,Lecce,0,3,0,2,3,Lecce,Sassuolo,Daniele Doveri
2024-04-21T13:00:00Z,33,Torino,Frosinone,0,0,0,0,0,DRAW,DRAW,Antonio Rapuano
2024-04-21T16:00:00Z,33,Salernitana,Fiorentina,0,2,0,0,2,Fiorentina,Salernitana,Matteo Marchetti
2024-04-21T18:45:00Z,33,Monza,Atalanta,1,2,0,1,1,Atalanta,Monza,Antonio Giua
2024-04-22T16:30:00Z,33,Roma,Bologna,1,3,0,2,2,Bologna,Roma,Fabio Maresca
2024-04-22T18:45:00Z,33,Milan,Inter,1,2,0,1,1,Inter,Milan,Andrea Colombo
2024-04-25T18:00:00Z,32,Udinese,Roma,1,2,1,0,1,Roma,Udinese,Luca Pairetto
2024-04-26T18:45:00Z,34,Frosinone,Salernitana,3,0,2,0,3,Frosinone,Salernitana,Francesco Fourneau
2024-04-27T13:00:00Z,34,Lecce,Monza,1,1,0,0,0,DRAW,DRAW,Alberto Santoro
2024-04-27T16:00:00Z,34,Juventus,Milan,0,0,0,0,0,DRAW,DRAW,Maurizio Mariani
2024-04-27T18:45:00Z,34,Lazio,Verona,1,0,0,0,1,Lazio,Verona,Davide Massa
2024-04-28T10:30:00Z,34,Inter,Torino,2,0,0,0,2,Inter,Torino,Maria Caputi
2024-04-28T13:00:00Z,34,Bologna,Udinese,1,1,0,1,0,DRAW,DRAW,Juan Luca Sacchi
2024-04-28T16:00:00Z,34,Atalanta,Empoli,2,0,1,0,2,Atalanta,Empoli,Michael Fabbri
2024-04-28T16:00:00Z,34,Napoli,Roma,2,2,0,0,0,DRAW,DRAW,Simone Sozza
2024-04-28T18:45:00Z,34,Fiorentina,Sassuolo,5,1,1,0,4,Fiorentina,Sassuolo,Matteo Marcenaro
2024-04-29T18:45:00Z,34,Genoa,Cagliari,3,0,2,0,3,Genoa,Cagliari,Federico Dionisi
2024-05-03T18:45:00Z,35,Torino,Bologna,0,0,0,0,0,DRAW,DRAW,Simone Sozza
2024-05-04T16:00:00Z,35,Monza,Lazio,2,2,0,1,0,DRAW,DRAW,Luca Pairetto
2024-05-04T18:45:00Z,35,Sassuolo,Inter,1,0,1,0,1,Sassuolo,Inter,Matteo Marchetti
2024-05-05T10:30:00Z,35,Cagliari,Lecce,1,1,1,0,0,DRAW,DRAW,Matteo Marcenaro
2024-05-05T13:00:00Z,35,Empoli,Frosinone,0,0,0,0,0,DRAW,DRAW,Daniele Doveri
2024-05-05T13:00:00Z,35,Verona,Fiorentina,2,1,1,1,1,Verona,Fiorentina,Antonio Rapuano
2024-05-05T16:00:00Z,35,Milan,Genoa,3,3,1,1,0,DRAW,DRAW,Alessandro Prontera
2024-05-05T18:45:00Z,35,Roma,Juventus,1,1,1,1,0,DRAW,DRAW,Andrea Colombo
2024-05-06T16:00:00Z,35,Salernitana,Atalanta,1,2,1,0,1,Atalanta,Salernitana,Ermanno Feliciani
2024-05-06T18:45:00Z,35,Udinese,Napoli,1,1,0,0,0,DRAW,DRAW,Gianluca Aureliano
2024-05-10T18:45:00Z,36,Frosinone,Inter,0,5,0,1,5,Inter,Frosinone,Antonio Giua
2024-05-11T16:00:00Z,36,Napoli,Bologna,0,2,0,2,2,Bologna,Napoli,Luca Pairetto
2024-05-11T18:45:00Z,36,Milan,Cagliari,5,1,1,0,4,Milan,Cagliari,Simone Sozza
2024-05-12T10:30:00Z,36,Lazio,Empoli,2,0,1,0,2,Lazio,Empoli,Gianluca Aureliano
2024-05-12T13:00:00Z,36,Genoa,Sassuolo,2,1,0,1,1,Genoa,Sassuolo,Maurizio Mariani
2024-05-12T13:00:00Z,36,Verona,Torino,1,2,0,0,1,Torino,Verona,Livio Marinelli
2024-05-12T16:00:00Z,36,Juventus,Salernitana,1,1,0,1,0,DRAW,DRAW,Alberto Santoro
2024-05-12T18:45:00Z,36,Atalanta,Roma,2,1,2,0,1,Atalanta,Roma,Marco Guida
2024-05-13T16:30:00Z,36,Lecce,Udinese,0,2,0,1,2,Udinese,Lecce,Davide Massa
2024-05-13T18:45:00Z,36,Fiorentina,Monza,2,1,1,1,1,Fiorentina,Monza,Luca Zufferli
2024-05-17T18:45:00Z,37,Fiorentina,Napoli,2,2,2,1,0,DRAW,DRAW,Matteo Marchetti
2024-05-18T16:00:00Z,37,Lecce,Atalanta,0,2,0,0,2,Atalanta,Lecce,Antonio Rapuano
2024-05-18T18:45:00Z,37,Torino,Milan,3,1,2,0,2,Torino,Milan,Ermanno Feliciani
2024-05-19T10:30:00Z,37,Sassuolo,Cagliari,0,2,0,0,2,Cagliari,Sassuolo,Daniele Doveri
2024-05-19T13:00:00Z,37,Monza,Frosinone,0,1,0,1,1,Frosinone,Monza,Michael Fabbri
2024-05-19T13:00:00Z,37,Udinese,Empoli,1,1,0,0,0,DRAW,DRAW,Daniele Orsato
2024-05-19T16:00:00Z,37,Inter,Lazio,1,1,0,1,0,DRAW,DRAW,Juan Luca Sacchi
2024-05-19T18:45:00Z,37,Roma,Genoa,1,0,0,0,1,Roma,Genoa,Gianluca Manganiello
2024-05-20T16:30:00Z,37,Salernitana,Verona,1,2,0,2,1,Verona,Salernitana,Marco Di Bello
2024-05-20T18:45:00Z,37,Bologna,Juventus,3,3,2,0,0,DRAW,DRAW,Giovanni Ayroldi
2024-05-23T18:45:00Z,38,Cagliari,Fiorentina,2,3,0,1,1,Fiorentina,Cagliari,Alessandro Prontera
2024-05-24T18:45:00Z,38,Genoa,Bologna,2,0,1,0,2,Genoa,Bologna,Alberto Santoro
2024-05-25T16:00:00Z,38,Juventus,Monza,2,0,2,0,2,Juventus,Monza,Maria Caputi
2024-05-25T18:45:00Z,38,Milan,Salernitana,3,3,2,0,0,DRAW,DRAW,Davide Di Marco
2024-05-26T16:00:00Z,38,Atalanta,Torino,3,0,2,0,3,Atalanta,Torino,Simone Sozza
2024-05-26T16:00:00Z,38,Napoli,Lecce,0,0,0,0,0,DRAW,DRAW,Federico Dionisi
2024-05-26T18:45:00Z,38,Empoli,Roma,2,1,1,1,1,Empoli,Roma,Davide Massa
2024-05-26T18:45:00Z,38,Frosinone,Udinese,0,1,0,0,1,Udinese,Frosinone,Daniele Doveri
2024-05-26T18:45:00Z,38,Verona,Inter,2,2,2,2,0,DRAW,DRAW,Luca Zufferli
2024-05-26T18:45:00Z,38,Lazio,Sassuolo,1,1,0,0,0,DRAW,DRAW,Paride Tremolada
2024-06-02T16:00:00Z,29,Atalanta,Fiorentina,2,3,2,3,1,Fiorentina,Atalanta,Juan Luca Sacchi
